级别,函数名,包含性样本,排除性样本,包含性样本 %,排除性样本 %,模块名,
0,"ZBYGate Data Collection.exe","34,886",0,100.00,0.00,"",
0,"[WTY.dll]","28,865",119,82.74,0.34,"WTY.dll",
1,"[msvcrt.dll]","27,312","27,312",78.29,78.29,"msvcrt.dll",
1,"[ws2_32.dll]","1,249","1,249",3.58,3.58,"ws2_32.dll",
1,"[KernelBase.dll]",168,168,0.48,0.48,"KernelBase.dll",
1,"[ntdll.dll]",10,10,0.03,0.03,"ntdll.dll",
1,"[mswsock.dll]",4,4,0.01,0.01,"mswsock.dll",
1,"[kernel32.dll]",3,3,0.01,0.01,"kernel32.dll",
0,"ZBYGate_Data_Collection.Program.Main","5,748",0,16.48,0.00,"ZBYGate Data Collection.exe",
1,"[System.Windows.Forms.ni.dll]","5,748",971,16.48,2.78,"System.Windows.Forms.ni.dll",
2,"ZBYGate_Data_Collection.Form1.LocalDataWindowShow_Click","4,533",0,12.99,0.00,"ZBYGate Data Collection.exe",
3,"ZBYGate_Data_Collection.Form1.SetTabPate","4,167",0,11.94,0.00,"ZBYGate Data Collection.exe",
4,"[System.Windows.Forms.ni.dll]","4,166","4,166",11.94,11.94,"System.Windows.Forms.ni.dll",
4,"[clr.dll]",1,1,0.00,0.00,"clr.dll",
3,"ZBYGate_Data_Collection.LocalDataBase.LocalDataBaseWindow..ctor",364,0,1.04,0.00,"ZBYGate Data Collection.exe",
4,"ZBYGate_Data_Collection.LocalDataBase.LocalDataBaseWindow.Init",274,0,0.79,0.00,"ZBYGate Data Collection.exe",
5,"ZBYGate_Data_Collection.LocalDataBase.MySqlHelper.GetDataSet",255,0,0.73,0.00,"ZBYGate Data Collection.exe",
6,"ZBYGate_Data_Collection.LocalDataBase.MySqlHelper.PrepareCommand",183,0,0.52,0.00,"ZBYGate Data Collection.exe",
7,"MySql.Data.MySqlClient.MySqlConnection.Open",180,0,0.52,0.00,"MySql.Data.dll",
8,"MySql.Data.MySqlClient.Driver.Configure",81,0,0.23,0.00,"MySql.Data.dll",
9,"MySql.Data.MySqlClient.MySqlCommand.ExecuteReader",41,0,0.12,0.00,"MySql.Data.dll",
10,"MySql.Data.MySqlClient.MySqlCommand.ExecuteReader",34,0,0.10,0.00,"MySql.Data.dll",
11,"MySql.Data.MySqlClient.MySqlDataReader.NextResult",18,0,0.05,0.00,"MySql.Data.dll",
12,"MySql.Data.MySqlClient.Driver.NextResult",17,0,0.05,0.00,"MySql.Data.dll",
13,"MySql.Data.MySqlClient.ResultSet..ctor",15,0,0.04,0.00,"MySql.Data.dll",
14,"MySql.Data.MySqlClient.ResultSet.LoadColumns",13,0,0.04,0.00,"MySql.Data.dll",
15,"MySql.Data.MySqlClient.Driver.GetColumns",5,0,0.01,0.00,"MySql.Data.dll",
16,"MySql.Data.MySqlClient.NativeDriver.GetColumnsData",5,0,0.01,0.00,"MySql.Data.dll",
17,"MySql.Data.MySqlClient.NativeDriver.GetColumnData",4,0,0.01,0.00,"MySql.Data.dll",
18,"[clr.dll]",3,3,0.01,0.01,"clr.dll",
18,"MySql.Data.MySqlClient.MySqlField.SetTypeAndFlags",1,0,0.00,0.00,"MySql.Data.dll",
19,"[clr.dll]",1,1,0.00,0.00,"clr.dll",
17,"[clr.dll]",1,1,0.00,0.00,"clr.dll",
15,"MySql.Data.MySqlClient.MySqlField.GetValueObject",5,0,0.01,0.00,"MySql.Data.dll",
16,"[clr.dll]",4,4,0.01,0.01,"clr.dll",
16,"MySql.Data.MySqlClient.MySqlField.GetIMySqlValue",1,1,0.00,0.00,"MySql.Data.dll",
15,"[clr.dll]",2,2,0.01,0.01,"clr.dll",
15,"[mscorlib.ni.dll]",1,1,0.00,0.00,"mscorlib.ni.dll",
14,"[clr.dll]",2,2,0.01,0.01,"clr.dll",
13,"[clr.dll]",1,1,0.00,0.00,"clr.dll",
13,"MySql.Data.MySqlClient.Driver.GetResult",1,0,0.00,0.00,"MySql.Data.dll",
14,"[clr.dll]",1,1,0.00,0.00,"clr.dll",
12,"[clr.dll]",1,1,0.00,0.00,"clr.dll",
11,"[clr.dll]",7,7,0.02,0.02,"clr.dll",
11,"MySql.Data.MySqlClient.PreparableStatement.Execute",7,0,0.02,0.00,"MySql.Data.dll",
12,"MySql.Data.MySqlClient.Statement.BindParameters",4,0,0.01,0.00,"MySql.Data.dll",
13,"[clr.dll]",2,2,0.01,0.01,"clr.dll",
13,"MySql.Data.MySqlClient.Statement.InternalBindParameters",2,0,0.01,0.00,"MySql.Data.dll",
14,"MySql.Data.Common.MySqlTokenizer.NextToken",2,0,0.01,0.00,"MySql.Data.dll",
15,"[clr.dll]",1,1,0.00,0.00,"clr.dll",
15,"MySql.Data.Common.MySqlTokenizer.FindToken",1,0,0.00,0.00,"MySql.Data.dll",
16,"MySql.Data.Common.MySqlTokenizer.ReadUnquotedToken",1,0,0.00,0.00,"MySql.Data.dll",
17,"[clr.dll]",1,1,0.00,0.00,"clr.dll",
12,"[clr.dll]",3,3,0.01,0.01,"clr.dll",
11,"MySql.Data.MySqlClient.PreparableStatement.ExecuteNext",2,0,0.01,0.00,"MySql.Data.dll",
12,"[clr.dll]",1,1,0.00,0.00,"clr.dll",
12,"MySql.Data.MySqlClient.Statement.ExecuteNext",1,0,0.00,0.00,"MySql.Data.dll",
13,"MySql.Data.MySqlClient.Driver.SendQuery",1,0,0.00,0.00,"MySql.Data.dll",
14,"MySql.Data.MySqlClient.NativeDriver.SendQuery",1,0,0.00,0.00,"MySql.Data.dll",
15,"[clr.dll]",1,1,0.00,0.00,"clr.dll",
10,"[clr.dll]",7,7,0.02,0.02,"clr.dll",
9,"MySql.Data.MySqlClient.Driver.LoadServerProperties",24,0,0.07,0.00,"MySql.Data.dll",
10,"MySql.Data.MySqlClient.MySqlDataReader.Dispose",8,0,0.02,0.00,"MySql.Data.dll",
11,"MySql.Data.MySqlClient.MySqlDataReader.Close",7,0,0.02,0.00,"MySql.Data.dll",
12,"MySql.Data.MySqlClient.MySqlCommand.Close",6,0,0.02,0.00,"MySql.Data.dll",
13,"MySql.Data.MySqlClient.Driver.CloseQuery",6,0,0.02,0.00,"MySql.Data.dll",
14,"MySql.Data.MySqlClient.Driver.ReportWarnings",4,0,0.01,0.00,"MySql.Data.dll",
15,"MySql.Data.MySqlClient.MySqlDataReader.Read",2,0,0.01,0.00,"MySql.Data.dll",
16,"MySql.Data.MySqlClient.ResultSet.NextRow",2,0,0.01,0.00,"MySql.Data.dll",
17,"MySql.Data.MySqlClient.ResultSet.ReadColumnData",2,0,0.01,0.00,"MySql.Data.dll",
18,"MySql.Data.MySqlClient.NativeDriver.ReadColumnValue",2,0,0.01,0.00,"MySql.Data.dll",
19,"[clr.dll]",1,1,0.00,0.00,"clr.dll",
19,"MySql.Data.Types.MySqlUInt32.MySql.Data.Types.IMySqlValue.ReadValue",1,0,0.00,0.00,"MySql.Data.dll",
20,"[clr.dll]",1,1,0.00,0.00,"clr.dll",
15,"[clr.dll]",1,1,0.00,0.00,"clr.dll",
15,"MySql.Data.MySqlClient.MySqlDataReader.Dispose",1,0,0.00,0.00,"MySql.Data.dll",
16,"MySql.Data.MySqlClient.MySqlDataReader.Close",1,0,0.00,0.00,"MySql.Data.dll",
17,"MySql.Data.MySqlClient.MySqlCommand.Close",1,0,0.00,0.00,"MySql.Data.dll",
18,"[clr.dll]",1,1,0.00,0.00,"clr.dll",
14,"[clr.dll]",1,1,0.00,0.00,"clr.dll",
14,"MySql.Data.MySqlClient.MySqlCommand.ExecuteReader",1,0,0.00,0.00,"MySql.Data.dll",
15,"MySql.Data.MySqlClient.MySqlCommand.ExecuteReader",1,0,0.00,0.00,"MySql.Data.dll",
16,"MySql.Data.MySqlClient.MySqlDataReader.NextResult",1,0,0.00,0.00,"MySql.Data.dll",
17,"MySql.Data.MySqlClient.Driver.NextResult",1,0,0.00,0.00,"MySql.Data.dll",
18,"MySql.Data.MySqlClient.ResultSet..ctor",1,0,0.00,0.00,"MySql.Data.dll",
19,"MySql.Data.MySqlClient.ResultSet.LoadColumns",1,0,0.00,0.00,"MySql.Data.dll",
20,"MySql.Data.MySqlClient.Driver.GetColumns",1,0,0.00,0.00,"MySql.Data.dll",
21,"MySql.Data.MySqlClient.NativeDriver.GetColumnsData",1,0,0.00,0.00,"MySql.Data.dll",
22,"MySql.Data.MySqlClient.NativeDriver.GetColumnData",1,0,0.00,0.00,"MySql.Data.dll",
23,"MySql.Data.MySqlClient.MySqlField.SetTypeAndFlags",1,0,0.00,0.00,"MySql.Data.dll",
24,"[clr.dll]",1,1,0.00,0.00,"clr.dll",
12,"[clr.dll]",1,1,0.00,0.00,"clr.dll",
11,"[clr.dll]",1,1,0.00,0.00,"clr.dll",
10,"MySql.Data.MySqlClient.MySqlDataReader.Read",6,0,0.02,0.00,"MySql.Data.dll",
11,"MySql.Data.MySqlClient.ResultSet.NextRow",5,0,0.01,0.00,"MySql.Data.dll",
12,"MySql.Data.MySqlClient.ResultSet.GetNextRow",4,0,0.01,0.00,"MySql.Data.dll",
13,"MySql.Data.MySqlClient.Driver.FetchDataRow",4,0,0.01,0.00,"MySql.Data.dll",
14,"MySql.Data.MySqlClient.NativeDriver.FetchDataRow",4,0,0.01,0.00,"MySql.Data.dll",
15,"MySql.Data.MySqlClient.MySqlStream.ReadPacket",4,0,0.01,0.00,"MySql.Data.dll",
16,"MySql.Data.MySqlClient.MySqlStream.LoadPacket",4,0,0.01,0.00,"MySql.Data.dll",
17,"MySql.Data.MySqlClient.MySqlStream.ReadFully",4,0,0.01,0.00,"MySql.Data.dll",
18,"MySql.Data.MySqlClient.TimedStream.Read",3,0,0.01,0.00,"MySql.Data.dll",
19,"[System.ni.dll]",3,3,0.01,0.01,"System.ni.dll",
18,"[clr.dll]",1,1,0.00,0.00,"clr.dll",
12,"MySql.Data.MySqlClient.ResultSet.ReadColumnData",1,0,0.00,0.00,"MySql.Data.dll",
13,"[clr.dll]",1,1,0.00,0.00,"clr.dll",
11,"[clr.dll]",1,1,0.00,0.00,"clr.dll",
10,"MySql.Data.MySqlClient.Driver.GetTimeZoneOffset",5,0,0.01,0.00,"MySql.Data.dll",
11,"MySql.Data.MySqlClient.MySqlCommand.ExecuteScalar",4,0,0.01,0.00,"MySql.Data.dll",
12,"MySql.Data.MySqlClient.MySqlDataReader.Read",2,0,0.01,0.00,"MySql.Data.dll",
13,"MySql.Data.MySqlClient.ResultSet.NextRow",2,0,0.01,0.00,"MySql.Data.dll",
14,"MySql.Data.MySqlClient.ResultSet.ReadColumnData",2,0,0.01,0.00,"MySql.Data.dll",
15,"MySql.Data.MySqlClient.NativeDriver.ReadColumnValue",2,0,0.01,0.00,"MySql.Data.dll",
16,"[clr.dll]",1,1,0.00,0.00,"clr.dll",
16,"MySql.Data.Types.MySqlTimeSpan.MySql.Data.Types.IMySqlValue.ReadValue",1,0,0.00,0.00,"MySql.Data.dll",
17,"[clr.dll]",1,1,0.00,0.00,"clr.dll",
12,"[clr.dll]",1,1,0.00,0.00,"clr.dll",
12,"MySql.Data.MySqlClient.MySqlDataReader.Dispose",1,0,0.00,0.00,"MySql.Data.dll",
13,"MySql.Data.MySqlClient.MySqlDataReader.Close",1,0,0.00,0.00,"MySql.Data.dll",
14,"MySql.Data.MySqlClient.MySqlDataReader.NextResult",1,0,0.00,0.00,"MySql.Data.dll",
15,"MySql.Data.MySqlClient.ResultSet.Close",1,0,0.00,0.00,"MySql.Data.dll",
16,"[clr.dll]",1,1,0.00,0.00,"clr.dll",
11,"[clr.dll]",1,1,0.00,0.00,"clr.dll",
10,"[clr.dll]",2,2,0.01,0.01,"clr.dll",
10,"MySql.Data.MySqlClient.MySqlDataReader.GetString",2,0,0.01,0.00,"MySql.Data.dll",
11,"[clr.dll]",1,1,0.00,0.00,"clr.dll",
11,"MySql.Data.MySqlClient.MySqlDataReader.GetFieldValue",1,0,0.00,0.00,"MySql.Data.dll",
12,"[clr.dll]",1,1,0.00,0.00,"clr.dll",
10,"MySql.Data.MySqlClient.MySqlCommand..ctor",1,0,0.00,0.00,"MySql.Data.dll",
11,"MySql.Data.MySqlClient.MySqlCommand.set_Connection",1,0,0.00,0.00,"MySql.Data.dll",
12,"[clr.dll]",1,1,0.00,0.00,"clr.dll",
9,"[clr.dll]",10,3,0.03,0.01,"clr.dll",
10,"MySql.Data.MySqlClient.CharSetMap.InitializeMapping",7,0,0.02,0.00,"MySql.Data.dll",
11,"[clr.dll]",7,7,0.02,0.02,"clr.dll",
9,"MySql.Data.MySqlClient.Driver.LoadCharacterSets",5,0,0.01,0.00,"MySql.Data.dll",
10,"MySql.Data.MySqlClient.MySqlDataReader.Read",4,0,0.01,0.00,"MySql.Data.dll",
11,"MySql.Data.MySqlClient.ResultSet.NextRow",4,0,0.01,0.00,"MySql.Data.dll",
12,"MySql.Data.MySqlClient.ResultSet.ReadColumnData",2,0,0.01,0.00,"MySql.Data.dll",
13,"MySql.Data.MySqlClient.NativeDriver.ReadColumnValue",2,1,0.01,0.00,"MySql.Data.dll",
14,"[clr.dll]",1,1,0.00,0.00,"clr.dll",
12,"MySql.Data.MySqlClient.ResultSet.GetNextRow",2,0,0.01,0.00,"MySql.Data.dll",
13,"MySql.Data.MySqlClient.Driver.FetchDataRow",2,0,0.01,0.00,"MySql.Data.dll",
14,"MySql.Data.MySqlClient.NativeDriver.FetchDataRow",2,0,0.01,0.00,"MySql.Data.dll",
15,"MySql.Data.MySqlClient.MySqlStream.ReadPacket",2,0,0.01,0.00,"MySql.Data.dll",
16,"MySql.Data.MySqlClient.MySqlStream.LoadPacket",2,0,0.01,0.00,"MySql.Data.dll",
17,"MySql.Data.MySqlClient.MySqlStream.ReadFully",2,0,0.01,0.00,"MySql.Data.dll",
18,"MySql.Data.MySqlClient.TimedStream.Read",2,0,0.01,0.00,"MySql.Data.dll",
19,"[System.ni.dll]",2,2,0.01,0.01,"System.ni.dll",
10,"MySql.Data.MySqlClient.MySqlDataReader.get_Item",1,0,0.00,0.00,"MySql.Data.dll",
11,"MySql.Data.MySqlClient.MySqlDataReader.GetOrdinal",1,0,0.00,0.00,"MySql.Data.dll",
12,"[clr.dll]",1,1,0.00,0.00,"clr.dll",
9,"MySql.Data.MySqlClient.MySqlCommand.ExecuteNonQuery",1,0,0.00,0.00,"MySql.Data.dll",
10,"MySql.Data.MySqlClient.MySqlCommand.ExecuteReader",1,0,0.00,0.00,"MySql.Data.dll",
11,"MySql.Data.MySqlClient.MySqlDataReader.NextResult",1,0,0.00,0.00,"MySql.Data.dll",
12,"[clr.dll]",1,1,0.00,0.00,"clr.dll",
8,"MySql.Data.MySqlClient.MySqlPool.GetConnection",68,0,0.19,0.00,"MySql.Data.dll",
9,"MySql.Data.MySqlClient.MySqlPool.TryToGetDriver",67,0,0.19,0.00,"MySql.Data.dll",
10,"MySql.Data.MySqlClient.MySqlPool.CreateNewPooledConnection",66,0,0.19,0.00,"MySql.Data.dll",
11,"MySql.Data.MySqlClient.Driver.Create",64,0,0.18,0.00,"MySql.Data.dll",
12,"MySql.Data.MySqlClient.Driver.Open",63,0,0.18,0.00,"MySql.Data.dll",
13,"MySql.Data.MySqlClient.NativeDriver.Open",61,0,0.17,0.00,"MySql.Data.dll",
14,"MySql.Data.MySqlClient.NativeDriver.Authenticate",41,0,0.12,0.00,"MySql.Data.dll",
15,"MySql.Data.MySqlClient.Authentication.MySqlAuthenticationPlugin.Authenticate",30,0,0.09,0.00,"MySql.Data.dll",
16,"MySql.Data.MySqlClient.NativeDriver.SetConnectAttrs",21,0,0.06,0.00,"MySql.Data.dll",
17,"[mscorlib.ni.dll]",20,8,0.06,0.02,"mscorlib.ni.dll",
18,"MySql.Data.MySqlClient.MySqlConnectAttrs.get_Thread",6,0,0.02,0.00,"MySql.Data.dll",
19,"[System.ni.dll]",6,6,0.02,0.02,"System.ni.dll",
18,"MySql.Data.MySqlClient.MySqlConnectAttrs.get_OSDetails",5,0,0.01,0.00,"MySql.Data.dll",
19,"[System.Management.ni.dll]",5,0,0.01,0.00,"System.Management.ni.dll",
20,"dynamicClass.IL_STUB_PInvoke",2,0,0.01,0.00,"Interop.VeconclientProj.dll",
21,"[WMINet_Utils.dll]",2,0,0.01,0.00,"WMINet_Utils.dll",
22,"[fastprox.dll]",2,0,0.01,0.00,"fastprox.dll",
23,"[fastprox.dll]",2,0,0.01,0.00,"fastprox.dll",
24,"[combase.dll]",2,2,0.01,0.01,"combase.dll",
20,"dynamicClass.IL_STUB_PInvoke",1,0,0.00,0.00,"Interop.VeconclientProj.dll",
21,"[WMINet_Utils.dll]",1,0,0.00,0.00,"WMINet_Utils.dll",
22,"[fastprox.dll]",1,0,0.00,0.00,"fastprox.dll",
23,"[combase.dll]",1,0,0.00,0.00,"combase.dll",
24,"[fastprox.dll]",1,0,0.00,0.00,"fastprox.dll",
25,"[combase.dll]",1,1,0.00,0.00,"combase.dll",
20,"[fastprox.dll]",1,0,0.00,0.00,"fastprox.dll",
21,"[combase.dll]",1,0,0.00,0.00,"combase.dll",
22,"[LedDynamicArea.dll]",1,1,0.00,0.00,"LedDynamicArea.dll",
20,"dynamicClass.IL_STUB_PInvoke",1,0,0.00,0.00,"Interop.VeconclientProj.dll",
21,"[WMINet_Utils.dll]",1,0,0.00,0.00,"WMINet_Utils.dll",
22,"[fastprox.dll]",1,1,0.00,0.00,"fastprox.dll",
18,"MySql.Data.MySqlClient.MySqlConnectAttrs.get_OS",1,0,0.00,0.00,"MySql.Data.dll",
19,"[mscorlib.ni.dll]",1,1,0.00,0.00,"mscorlib.ni.dll",
17,"MySql.Data.MySqlClient.MySqlPacket.WriteLenString",1,0,0.00,0.00,"MySql.Data.dll",
18,"[clr.dll]",1,1,0.00,0.00,"clr.dll",
16,"[clr.dll]",5,5,0.01,0.01,"clr.dll",
16,"MySql.Data.MySqlClient.Authentication.MySqlAuthenticationPlugin.HandleAuthChange",3,0,0.01,0.00,"MySql.Data.dll",
17,"MySql.Data.MySqlClient.Authentication.MySqlAuthenticationPlugin.ContinueAuthentication",2,0,0.01,0.00,"MySql.Data.dll",
18,"[clr.dll]",1,1,0.00,0.00,"clr.dll",
18,"MySql.Data.MySqlClient.Authentication.MySqlNativePasswordPlugin.MoreData",1,0,0.00,0.00,"MySql.Data.dll",
19,"MySql.Data.MySqlClient.Authentication.MySqlNativePasswordPlugin.GetPassword",1,0,0.00,0.00,"MySql.Data.dll",
20,"[clr.dll]",1,1,0.00,0.00,"clr.dll",
17,"MySql.Data.MySqlClient.Authentication.MySqlAuthenticationPlugin.GetPlugin",1,0,0.00,0.00,"MySql.Data.dll",
18,"[clr.dll]",1,1,0.00,0.00,"clr.dll",
16,"MySql.Data.MySqlClient.Authentication.MySqlAuthenticationPlugin.WritePassword",1,0,0.00,0.00,"MySql.Data.dll",
17,"[clr.dll]",1,1,0.00,0.00,"clr.dll",
15,"MySql.Data.MySqlClient.Authentication.MySqlAuthenticationPlugin.GetPlugin",9,0,0.03,0.00,"MySql.Data.dll",
16,"[clr.dll]",7,6,0.02,0.02,"clr.dll",
17,"MySql.Data.MySqlClient.Authentication.AuthenticationPluginManager..cctor",1,0,0.00,0.00,"MySql.Data.dll",
18,"[clr.dll]",1,1,0.00,0.00,"clr.dll",
16,"MySql.Data.MySqlClient.Authentication.AuthenticationPluginManager.GetPlugin",2,0,0.01,0.00,"MySql.Data.dll",
17,"[clr.dll]",1,1,0.00,0.00,"clr.dll",
17,"[mscorlib.ni.dll]",1,1,0.00,0.00,"mscorlib.ni.dll",
15,"[clr.dll]",1,1,0.00,0.00,"clr.dll",
15,"MySql.Data.MySqlClient.MySqlBaseConnectionStringBuilder.get_UserID",1,0,0.00,0.00,"MySql.Data.dll",
16,"[mscorlib.ni.dll]",1,1,0.00,0.00,"mscorlib.ni.dll",
14,"MySql.Data.Common.StreamCreator.GetStream",8,0,0.02,0.00,"MySql.Data.dll",
15,"MySql.Data.Common.StreamCreator.GetTcpStream",7,0,0.02,0.00,"MySql.Data.dll",
16,"[System.ni.dll]",6,6,0.02,0.02,"System.ni.dll",
16,"[mscorlib.ni.dll]",1,1,0.00,0.00,"mscorlib.ni.dll",
15,"[clr.dll]",1,1,0.00,0.00,"clr.dll",
14,"[clr.dll]",6,6,0.02,0.02,"clr.dll",
14,"MySql.Data.MySqlClient.MySqlStream.ReadPacket",3,0,0.01,0.00,"MySql.Data.dll",
15,"MySql.Data.MySqlClient.MySqlStream.LoadPacket",2,0,0.01,0.00,"MySql.Data.dll",
16,"MySql.Data.MySqlClient.MySqlStream.ReadFully",2,0,0.01,0.00,"MySql.Data.dll",
17,"[clr.dll]",1,1,0.00,0.00,"clr.dll",
17,"MySql.Data.MySqlClient.TimedStream.Read",1,0,0.00,0.00,"MySql.Data.dll",
18,"[System.ni.dll]",1,1,0.00,0.00,"System.ni.dll",
15,"[clr.dll]",1,1,0.00,0.00,"clr.dll",
14,"MySql.Data.MySqlClient.MySqlStream..ctor",1,0,0.00,0.00,"MySql.Data.dll",
15,"[clr.dll]",1,1,0.00,0.00,"clr.dll",
14,"MySql.Data.MySqlClient.MySqlPacket.ReadInteger",1,0,0.00,0.00,"MySql.Data.dll",
15,"[clr.dll]",1,1,0.00,0.00,"clr.dll",
14,"MySql.Data.MySqlClient.NativeDriver.SetConnectionFlags",1,0,0.00,0.00,"MySql.Data.dll",
15,"[clr.dll]",1,1,0.00,0.00,"clr.dll",
13,"[clr.dll]",2,2,0.01,0.01,"clr.dll",
12,"[clr.dll]",1,1,0.00,0.00,"clr.dll",
11,"[clr.dll]",2,2,0.01,0.01,"clr.dll",
10,"MySql.Data.MySqlClient.MySqlPool.GetPooledConnection",1,0,0.00,0.00,"MySql.Data.dll",
11,"[clr.dll]",1,1,0.00,0.00,"clr.dll",
9,"[clr.dll]",1,1,0.00,0.00,"clr.dll",
8,"[clr.dll]",13,13,0.04,0.04,"clr.dll",
8,"[System.Transactions.ni.dll]",13,13,0.04,0.04,"System.Transactions.ni.dll",
8,"MySql.Data.MySqlClient.MySqlPoolManager.GetPool",4,0,0.01,0.00,"MySql.Data.dll",
9,"MySql.Data.MySqlClient.MySqlPoolManager.GetKey",2,0,0.01,0.00,"MySql.Data.dll",
10,"[System.Data.ni.dll]",2,2,0.01,0.01,"System.Data.ni.dll",
9,"[clr.dll]",1,1,0.00,0.00,"clr.dll",
9,"MySql.Data.MySqlClient.MySqlPool..ctor",1,0,0.00,0.00,"MySql.Data.dll",
10,"[clr.dll]",1,1,0.00,0.00,"clr.dll",
8,"MySql.Data.MySqlClient.MySqlBaseConnectionStringBuilder.get_Server",1,0,0.00,0.00,"MySql.Data.dll",
9,"[clr.dll]",1,1,0.00,0.00,"clr.dll",
7,"[clr.dll]",3,3,0.01,0.01,"clr.dll",
6,"[System.Data.ni.dll]",30,18,0.09,0.05,"System.Data.ni.dll",
7,"MySql.Data.MySqlClient.MySqlDataReader.GetValues",9,0,0.03,0.00,"MySql.Data.dll",
8,"MySql.Data.MySqlClient.MySqlDataReader.GetValue",9,1,0.03,0.00,"MySql.Data.dll",
9,"MySql.Data.MySqlClient.MySqlDataReader.GetFieldValue",7,0,0.02,0.00,"MySql.Data.dll",
10,"MySql.Data.MySqlClient.ResultSet.get_Item",7,0,0.02,0.00,"MySql.Data.dll",
11,"MySql.Data.MySqlClient.NativeDriver.ReadColumnValue",6,1,0.02,0.00,"MySql.Data.dll",
12,"MySql.Data.Types.MySqlString.MySql.Data.Types.IMySqlValue.ReadValue",2,0,0.01,0.00,"MySql.Data.dll",
13,"MySql.Data.MySqlClient.MySqlPacket.ReadString",1,0,0.00,0.00,"MySql.Data.dll",
14,"[mscorlib.ni.dll]",1,1,0.00,0.00,"mscorlib.ni.dll",
13,"[clr.dll]",1,1,0.00,0.00,"clr.dll",
12,"[clr.dll]",1,1,0.00,0.00,"clr.dll",
12,"MySql.Data.Types.MySqlByte.MySql.Data.Types.IMySqlValue.ReadValue",1,0,0.00,0.00,"MySql.Data.dll",
13,"[mscorlib.ni.dll]",1,1,0.00,0.00,"mscorlib.ni.dll",
12,"MySql.Data.Types.MySqlDateTime.MySql.Data.Types.IMySqlValue.ReadValue",1,0,0.00,0.00,"MySql.Data.dll",
13,"[clr.dll]",1,1,0.00,0.00,"clr.dll",
11,"MySql.Data.Types.MySqlString.MySql.Data.Types.IMySqlValue.ReadValue",1,1,0.00,0.00,"MySql.Data.dll",
9,"[clr.dll]",1,1,0.00,0.00,"clr.dll",
7,"MySql.Data.MySqlClient.MySqlCommand.ExecuteDbDataReader",3,0,0.01,0.00,"MySql.Data.dll",
8,"MySql.Data.MySqlClient.MySqlCommand.ExecuteReader",3,0,0.01,0.00,"MySql.Data.dll",
9,"[clr.dll]",2,2,0.01,0.01,"clr.dll",
9,"MySql.Data.MySqlClient.MySqlDataReader.NextResult",1,0,0.00,0.00,"MySql.Data.dll",
10,"MySql.Data.MySqlClient.Driver.NextResult",1,0,0.00,0.00,"MySql.Data.dll",
11,"MySql.Data.MySqlClient.Driver.GetResult",1,0,0.00,0.00,"MySql.Data.dll",
12,"MySql.Data.MySqlClient.NativeDriver.GetResult",1,0,0.00,0.00,"MySql.Data.dll",
13,"MySql.Data.MySqlClient.MySqlStream.ReadPacket",1,0,0.00,0.00,"MySql.Data.dll",
14,"MySql.Data.MySqlClient.MySqlStream.LoadPacket",1,0,0.00,0.00,"MySql.Data.dll",
15,"MySql.Data.MySqlClient.MySqlStream.ReadFully",1,0,0.00,0.00,"MySql.Data.dll",
16,"MySql.Data.MySqlClient.TimedStream.Read",1,0,0.00,0.00,"MySql.Data.dll",
17,"[System.ni.dll]",1,1,0.00,0.00,"System.ni.dll",
6,"MySql.Data.MySqlClient.MySqlConnection..ctor",20,0,0.06,0.00,"MySql.Data.dll",
7,"MySql.Data.MySqlClient.MySqlConnection.set_ConnectionString",15,0,0.04,0.00,"MySql.Data.dll",
8,"MySql.Data.MySqlClient.MySqlBaseConnectionStringBuilder..ctor",14,0,0.04,0.00,"MySql.Data.dll",
9,"[System.Data.ni.dll]",11,1,0.03,0.00,"System.Data.ni.dll",
10,"MySql.Data.MySqlClient.MySqlConnectionStringBuilder.set_Item",10,0,0.03,0.00,"MySql.Data.dll",
11,"MySql.Data.MySqlClient.MySqlConnectionStringOption+<>c.<.ctor>b__6_0",8,0,0.02,0.00,"MySql.Data.dll",
12,"MySql.Data.MySqlClient.MySqlBaseConnectionStringBuilder.SetInternalValue",6,0,0.02,0.00,"MySql.Data.dll",
13,"[System.Data.ni.dll]",6,6,0.02,0.02,"System.Data.ni.dll",
12,"[clr.dll]",2,2,0.01,0.01,"clr.dll",
11,"[clr.dll]",2,2,0.01,0.01,"clr.dll",
9,"[clr.dll]",2,2,0.01,0.01,"clr.dll",
9,"MySql.Data.MySqlClient.MySqlBaseConnectionStringBuilder.AnalyzeConnectionString",1,0,0.00,0.00,"MySql.Data.dll",
10,"[System.Core.ni.dll]",1,1,0.00,0.00,"System.Core.ni.dll",
8,"[clr.dll]",1,1,0.00,0.00,"clr.dll",
7,"[clr.dll]",5,2,0.01,0.01,"clr.dll",
8,"MySql.Data.MySqlClient.MySqlConnection..cctor",3,0,0.01,0.00,"MySql.Data.dll",
9,"[clr.dll]",3,3,0.01,0.01,"clr.dll",
6,"[clr.dll]",16,12,0.05,0.03,"clr.dll",
7,"MySql.Data.MySqlClient.MySqlBaseConnectionStringBuilder..cctor",3,0,0.01,0.00,"MySql.Data.dll",
8,"[clr.dll]",2,2,0.01,0.01,"clr.dll",
8,"MySql.Data.MySqlClient.MySqlConnectionStringOption..ctor",1,0,0.00,0.00,"MySql.Data.dll",
9,"[clr.dll]",1,1,0.00,0.00,"clr.dll",
7,"MySql.Data.MySqlClient.MySqlConnectionStringBuilder..cctor",1,0,0.00,0.00,"MySql.Data.dll",
8,"[clr.dll]",1,1,0.00,0.00,"clr.dll",
6,"MySql.Data.MySqlClient.MySqlCommand..ctor",3,0,0.01,0.00,"MySql.Data.dll",
7,"[clr.dll]",2,2,0.01,0.01,"clr.dll",
7,"MySql.Data.MySqlClient.MySqlParameterCollection..ctor",1,0,0.00,0.00,"MySql.Data.dll",
8,"[clr.dll]",1,1,0.00,0.00,"clr.dll",
6,"MySql.Data.MySqlClient.MySqlConnection.Close",2,0,0.01,0.00,"MySql.Data.dll",
7,"MySql.Data.MySqlClient.MySqlConnection.CloseFully",2,0,0.01,0.00,"MySql.Data.dll",
8,"[clr.dll]",1,1,0.00,0.00,"clr.dll",
8,"MySql.Data.MySqlClient.MySqlPool.ReleaseConnection",1,0,0.00,0.00,"MySql.Data.dll",
9,"[clr.dll]",1,1,0.00,0.00,"clr.dll",
6,"MySql.Data.MySqlClient.MySqlConnection..ctor",1,0,0.00,0.00,"MySql.Data.dll",
7,"[clr.dll]",1,1,0.00,0.00,"clr.dll",
5,"[clr.dll]",14,14,0.04,0.04,"clr.dll",
5,"[System.Windows.Forms.ni.dll]",5,5,0.01,0.01,"System.Windows.Forms.ni.dll",
4,"ZBYGate_Data_Collection.LocalDataBase.LocalDataBaseWindow.InitializeComponent",50,0,0.14,0.00,"ZBYGate Data Collection.exe",
5,"[System.Windows.Forms.ni.dll]",48,48,0.14,0.14,"System.Windows.Forms.ni.dll",
5,"[mscorlib.ni.dll]",2,2,0.01,0.01,"mscorlib.ni.dll",
4,"[mscorlib.ni.dll]",21,21,0.06,0.06,"mscorlib.ni.dll",
4,"[clr.dll]",18,17,0.05,0.05,"clr.dll",
5,"ZBYGate_Data_Collection.LocalDataBase.MySqlHelper..cctor",1,0,0.00,0.00,"ZBYGate Data Collection.exe",
6,"[clr.dll]",1,1,0.00,0.00,"clr.dll",
4,"[System.Windows.Forms.ni.dll]",1,1,0.00,0.00,"System.Windows.Forms.ni.dll",
3,"[clr.dll]",2,2,0.01,0.01,"clr.dll",
2,"ZBYGate_Data_Collection.Form1.HttpWindowShow_Click",90,0,0.26,0.00,"ZBYGate Data Collection.exe",
3,"ZBYGate_Data_Collection.Form1.SetTabPate",80,0,0.23,0.00,"ZBYGate Data Collection.exe",
4,"[System.Windows.Forms.ni.dll]",80,77,0.23,0.22,"System.Windows.Forms.ni.dll",
5,"[msctfuimanager.dll]",3,0,0.01,0.00,"msctfuimanager.dll",
6,"[msctfuimanager.dll]",3,0,0.01,0.00,"msctfuimanager.dll",
7,"[msctfuimanager.dll]",3,0,0.01,0.00,"msctfuimanager.dll",
8,"[msctfuimanager.dll]",3,0,0.01,0.00,"msctfuimanager.dll",
9,"[msctfuimanager.dll]",3,0,0.01,0.00,"msctfuimanager.dll",
10,"[msctfuimanager.dll]",2,0,0.01,0.00,"msctfuimanager.dll",
11,"[msctfuimanager.dll]",2,0,0.01,0.00,"msctfuimanager.dll",
12,"[user32.dll]",2,2,0.01,0.01,"user32.dll",
10,"[user32.dll]",1,1,0.00,0.00,"user32.dll",
3,"ZBYGate_Data_Collection.Https.HttpWindow..ctor",10,0,0.03,0.00,"ZBYGate Data Collection.exe",
4,"[clr.dll]",5,5,0.01,0.01,"clr.dll",
4,"ZBYGate_Data_Collection.Https.HttpWindow.InitializeComponent",5,0,0.01,0.00,"ZBYGate Data Collection.exe",
5,"[System.Windows.Forms.ni.dll]",4,4,0.01,0.01,"System.Windows.Forms.ni.dll",
5,"[clr.dll]",1,1,0.00,0.00,"clr.dll",
2,"ZBYGate_Data_Collection.Form1.CloseTabPageButton_Click",52,0,0.15,0.00,"ZBYGate Data Collection.exe",
3,"[System.Windows.Forms.ni.dll]",52,19,0.15,0.05,"System.Windows.Forms.ni.dll",
4,"ZBYGate_Data_Collection.LocalDataBase.LocalDataBaseWindow.Dispose",30,0,0.09,0.00,"ZBYGate Data Collection.exe",
5,"[System.ni.dll]",28,28,0.08,0.08,"System.ni.dll",
5,"[System.Windows.Forms.ni.dll]",2,2,0.01,0.01,"System.Windows.Forms.ni.dll",
4,"ZBYGate_Data_Collection.Https.HttpWindow.Dispose",3,0,0.01,0.00,"ZBYGate Data Collection.exe",
5,"[System.Windows.Forms.ni.dll]",3,3,0.01,0.01,"System.Windows.Forms.ni.dll",
2,"[LedDynamicArea.dll]",47,1,0.13,0.00,"LedDynamicArea.dll",
3,"[user32.dll]",36,36,0.10,0.10,"user32.dll",
3,"[ntdll.dll]",10,4,0.03,0.01,"ntdll.dll",
4,"[knb3rdhmpg.dll]",6,0,0.02,0.00,"knb3rdhmpg.dll",
5,"[user32.dll]",6,6,0.02,0.02,"user32.dll",
2,"[VeconClientProj.ocx]",33,0,0.09,0.00,"VeconClientProj.ocx",
3,"[VeconClientProj.ocx]",33,0,0.09,0.00,"VeconClientProj.ocx",
4,"[VeconClientProj.ocx]",33,0,0.09,0.00,"VeconClientProj.ocx",
5,"[VeconClientProj.ocx]",32,0,0.09,0.00,"VeconClientProj.ocx",
6,"[VeconClientProj.ocx]",31,0,0.09,0.00,"VeconClientProj.ocx",
7,"[VeconClientProj.ocx]",30,0,0.09,0.00,"VeconClientProj.ocx",
8,"[VeconClientProj.ocx]",30,0,0.09,0.00,"VeconClientProj.ocx",
9,"[VeconClientProj.ocx]",30,0,0.09,0.00,"VeconClientProj.ocx",
10,"[VeconClientProj.ocx]",16,0,0.05,0.00,"VeconClientProj.ocx",
11,"[VeconClientProj.ocx]",16,0,0.05,0.00,"VeconClientProj.ocx",
12,"[VeconClientProj.ocx]",16,0,0.05,0.00,"VeconClientProj.ocx",
13,"[clr.dll]",16,1,0.05,0.00,"clr.dll",
14,"AxVeconclientProj.AxVECONclient.RaiseOnOnServerError",15,0,0.04,0.00,"AxInterop.VeconclientProj.dll",
15,"ZBYGate_Data_Collection.Container.Container._AxVECONclient_OnServerError",15,0,0.04,0.00,"ZBYGate Data Collection.exe",
16,"ZBYGate_Data_Collection.Form1.GetMessage",8,0,0.02,0.00,"ZBYGate Data Collection.exe",
17,"[System.Windows.Forms.ni.dll]",8,8,0.02,0.02,"System.Windows.Forms.ni.dll",
16,"log4net.Core.LogImpl.Warn",7,0,0.02,0.00,"log4net.dll",
17,"log4net.Repository.Hierarchy.Logger.Log",7,0,0.02,0.00,"log4net.dll",
18,"log4net.Repository.Hierarchy.Logger.ForcedLog",7,0,0.02,0.00,"log4net.dll",
19,"log4net.Repository.Hierarchy.Logger.CallAppenders",7,0,0.02,0.00,"log4net.dll",
20,"log4net.Util.AppenderAttachedImpl.AppendLoopOnAppenders",7,0,0.02,0.00,"log4net.dll",
21,"log4net.Appender.AppenderSkeleton.DoAppend",7,0,0.02,0.00,"log4net.dll",
22,"log4net.Appender.RollingFileAppender.Append",7,0,0.02,0.00,"log4net.dll",
23,"log4net.Appender.FileAppender.Append",6,0,0.02,0.00,"log4net.dll",
24,"log4net.Appender.TextWriterAppender.Append",6,0,0.02,0.00,"log4net.dll",
25,"log4net.Appender.AppenderSkeleton.RenderLoggingEvent",6,0,0.02,0.00,"log4net.dll",
26,"log4net.Layout.PatternLayout.Format",6,0,0.02,0.00,"log4net.dll",
27,"log4net.Util.PatternConverter.Format",5,0,0.01,0.00,"log4net.dll",
28,"log4net.Layout.Pattern.PatternLayoutConverter.Convert",5,0,0.01,0.00,"log4net.dll",
29,"log4net.Layout.Pattern.FullLocationPatternConverter.Convert",5,0,0.01,0.00,"log4net.dll",
30,"log4net.Core.LoggingEvent.get_LocationInformation",5,0,0.01,0.00,"log4net.dll",
31,"log4net.Core.LocationInfo..ctor",5,0,0.01,0.00,"log4net.dll",
32,"[mscorlib.ni.dll]",3,3,0.01,0.01,"mscorlib.ni.dll",
32,"log4net.Core.StackFrameItem..ctor",2,0,0.01,0.00,"log4net.dll",
33,"log4net.Core.MethodItem.GetMethodParameterNames",2,0,0.01,0.00,"log4net.dll",
34,"[mscorlib.ni.dll]",2,2,0.01,0.01,"mscorlib.ni.dll",
27,"log4net.Util.PatternStringConverters.LiteralPatternConverter.Format",1,1,0.00,0.00,"log4net.dll",
23,"log4net.Appender.RollingFileAppender+LocalDateTime.get_Now",1,0,0.00,0.00,"log4net.dll",
24,"[mscorlib.ni.dll]",1,1,0.00,0.00,"mscorlib.ni.dll",
10,"[clr.dll]",14,0,0.04,0.00,"clr.dll",
11,"AxVeconclientProj.AxVECONclient.RaiseOnOnServerDisconnected",14,0,0.04,0.00,"AxInterop.VeconclientProj.dll",
12,"ZBYGate_Data_Collection.Container.Container._AxVECONclient_OnServerDisconnected",13,0,0.04,0.00,"ZBYGate Data Collection.exe",
13,"ZBYGate_Data_Collection.Form1.GetMessage",9,0,0.03,0.00,"ZBYGate Data Collection.exe",
14,"[System.Windows.Forms.ni.dll]",9,9,0.03,0.03,"System.Windows.Forms.ni.dll",
13,"log4net.Core.LogImpl.Warn",3,0,0.01,0.00,"log4net.dll",
14,"log4net.Repository.Hierarchy.Logger.Log",3,0,0.01,0.00,"log4net.dll",
15,"log4net.Repository.Hierarchy.Logger.ForcedLog",3,0,0.01,0.00,"log4net.dll",
16,"log4net.Repository.Hierarchy.Logger.CallAppenders",3,0,0.01,0.00,"log4net.dll",
17,"log4net.Util.AppenderAttachedImpl.AppendLoopOnAppenders",3,0,0.01,0.00,"log4net.dll",
18,"log4net.Appender.AppenderSkeleton.DoAppend",3,0,0.01,0.00,"log4net.dll",
19,"log4net.Appender.RollingFileAppender.Append",3,0,0.01,0.00,"log4net.dll",
20,"log4net.Appender.FileAppender.Append",2,0,0.01,0.00,"log4net.dll",
21,"log4net.Appender.TextWriterAppender.Append",2,0,0.01,0.00,"log4net.dll",
22,"log4net.Appender.AppenderSkeleton.RenderLoggingEvent",2,0,0.01,0.00,"log4net.dll",
23,"log4net.Layout.PatternLayout.Format",2,0,0.01,0.00,"log4net.dll",
24,"log4net.Util.PatternConverter.Format",2,0,0.01,0.00,"log4net.dll",
25,"log4net.Layout.Pattern.PatternLayoutConverter.Convert",2,0,0.01,0.00,"log4net.dll",
26,"log4net.Layout.Pattern.FullLocationPatternConverter.Convert",2,0,0.01,0.00,"log4net.dll",
27,"log4net.Core.LoggingEvent.get_LocationInformation",2,0,0.01,0.00,"log4net.dll",
28,"log4net.Core.LocationInfo..ctor",2,0,0.01,0.00,"log4net.dll",
29,"[mscorlib.ni.dll]",1,1,0.00,0.00,"mscorlib.ni.dll",
29,"log4net.Core.StackFrameItem..ctor",1,0,0.00,0.00,"log4net.dll",
30,"log4net.Core.MethodItem.GetMethodParameterNames",1,0,0.00,0.00,"log4net.dll",
31,"[mscorlib.ni.dll]",1,1,0.00,0.00,"mscorlib.ni.dll",
20,"log4net.Appender.RollingFileAppender.AdjustFileBeforeAppend",1,0,0.00,0.00,"log4net.dll",
21,"[mscorlib.ni.dll]",1,1,0.00,0.00,"mscorlib.ni.dll",
13,"[clr.dll]",1,1,0.00,0.00,"clr.dll",
12,"[clr.dll]",1,1,0.00,0.00,"clr.dll",
7,"[ws2_32.dll]",1,1,0.00,0.00,"ws2_32.dll",
6,"[user32.dll]",1,1,0.00,0.00,"user32.dll",
5,"[ws2_32.dll]",1,1,0.00,0.00,"ws2_32.dll",
2,"ZBYGate_Data_Collection.Form1.GetMessage",12,0,0.03,0.00,"ZBYGate Data Collection.exe",
3,"[System.Windows.Forms.ni.dll]",12,12,0.03,0.03,"System.Windows.Forms.ni.dll",
2,"ZBYGate_Data_Collection.Form1.Form1_FormClosed",10,0,0.03,0.00,"ZBYGate Data Collection.exe",
3,"[mscorlib.ni.dll]",10,9,0.03,0.03,"mscorlib.ni.dll",
4,"[LedDynamicArea.dll]",1,0,0.00,0.00,"LedDynamicArea.dll",
5,"[LedDynamicArea.dll]",1,0,0.00,0.00,"LedDynamicArea.dll",
6,"[LedDynamicArea.dll]",1,0,0.00,0.00,"LedDynamicArea.dll",
7,"[oleaut32.dll]",1,1,0.00,0.00,"oleaut32.dll",
0,"WG3000_COMM.Core.wgUdpServerCom.DealRuninfoPacketProc",128,22,0.37,0.06,"n3kAdrtB.dll",
1,"[mscorlib.ni.dll]",104,104,0.30,0.30,"mscorlib.ni.dll",
1,"[clr.dll]",2,2,0.01,0.01,"clr.dll",
0,"[msctfuimanager.dll]",30,0,0.09,0.00,"msctfuimanager.dll",
1,"[msctfuimanager.dll]",24,0,0.07,0.00,"msctfuimanager.dll",
2,"[msctfuimanager.dll]",18,0,0.05,0.00,"msctfuimanager.dll",
3,"[msctfuimanager.dll]",11,0,0.03,0.00,"msctfuimanager.dll",
4,"[msctfuimanager.dll]",10,0,0.03,0.00,"msctfuimanager.dll",
5,"[combase.dll]",7,6,0.02,0.02,"combase.dll",
6,"[UIAnimation.dll]",1,0,0.00,0.00,"UIAnimation.dll",
7,"[UIAnimation.dll]",1,0,0.00,0.00,"UIAnimation.dll",
8,"[UIAnimation.dll]",1,0,0.00,0.00,"UIAnimation.dll",
9,"[user32.dll]",1,1,0.00,0.00,"user32.dll",
5,"[dui70.dll]",2,0,0.01,0.00,"dui70.dll",
6,"[dui70.dll]",2,0,0.01,0.00,"dui70.dll",
7,"[dui70.dll]",2,0,0.01,0.00,"dui70.dll",
8,"[dui70.dll]",2,0,0.01,0.00,"dui70.dll",
9,"[dui70.dll]",2,0,0.01,0.00,"dui70.dll",
10,"[dui70.dll]",2,0,0.01,0.00,"dui70.dll",
11,"[dui70.dll]",2,0,0.01,0.00,"dui70.dll",
12,"[dui70.dll]",2,0,0.01,0.00,"dui70.dll",
13,"[KernelBase.dll]",1,1,0.00,0.00,"KernelBase.dll",
13,"[dui70.dll]",1,0,0.00,0.00,"dui70.dll",
14,"[dui70.dll]",1,0,0.00,0.00,"dui70.dll",
15,"[dui70.dll]",1,0,0.00,0.00,"dui70.dll",
16,"[dui70.dll]",1,0,0.00,0.00,"dui70.dll",
17,"[KernelBase.dll]",1,1,0.00,0.00,"KernelBase.dll",
5,"[user32.dll]",1,1,0.00,0.00,"user32.dll",
4,"[dui70.dll]",1,0,0.00,0.00,"dui70.dll",
5,"[dui70.dll]",1,0,0.00,0.00,"dui70.dll",
6,"[dui70.dll]",1,0,0.00,0.00,"dui70.dll",
7,"[dui70.dll]",1,0,0.00,0.00,"dui70.dll",
8,"[dui70.dll]",1,0,0.00,0.00,"dui70.dll",
9,"[dui70.dll]",1,0,0.00,0.00,"dui70.dll",
10,"[DWrite.dll]",1,1,0.00,0.00,"DWrite.dll",
3,"[dui70.dll]",7,0,0.02,0.00,"dui70.dll",
4,"[dui70.dll]",5,0,0.01,0.00,"dui70.dll",
5,"[dui70.dll]",5,0,0.01,0.00,"dui70.dll",
6,"[dui70.dll]",3,0,0.01,0.00,"dui70.dll",
7,"[user32.dll]",2,2,0.01,0.01,"user32.dll",
7,"[dui70.dll]",1,0,0.00,0.00,"dui70.dll",
8,"[user32.dll]",1,0,0.00,0.00,"user32.dll",
9,"[duser.dll]",1,0,0.00,0.00,"duser.dll",
10,"[user32.dll]",1,0,0.00,0.00,"user32.dll",
11,"[dui70.dll]",1,0,0.00,0.00,"dui70.dll",
12,"[dui70.dll]",1,0,0.00,0.00,"dui70.dll",
13,"[dui70.dll]",1,0,0.00,0.00,"dui70.dll",
14,"[user32.dll]",1,1,0.00,0.00,"user32.dll",
6,"[user32.dll]",1,1,0.00,0.00,"user32.dll",
6,"[win32u.dll]",1,1,0.00,0.00,"win32u.dll",
4,"[SHCore.dll]",2,2,0.01,0.01,"SHCore.dll",
2,"[dui70.dll]",3,0,0.01,0.00,"dui70.dll",
3,"[dui70.dll]",3,0,0.01,0.00,"dui70.dll",
4,"[ntdll.dll]",2,1,0.01,0.00,"ntdll.dll",
5,"[duser.dll]",1,0,0.00,0.00,"duser.dll",
6,"[duser.dll]",1,0,0.00,0.00,"duser.dll",
7,"[duser.dll]",1,0,0.00,0.00,"duser.dll",
8,"[kernel32.dll]",1,1,0.00,0.00,"kernel32.dll",
4,"[dui70.dll]",1,0,0.00,0.00,"dui70.dll",
5,"[dui70.dll]",1,0,0.00,0.00,"dui70.dll",
6,"[dui70.dll]",1,0,0.00,0.00,"dui70.dll",
7,"[KernelBase.dll]",1,1,0.00,0.00,"KernelBase.dll",
2,"[combase.dll]",3,3,0.01,0.01,"combase.dll",
1,"[dui70.dll]",6,1,0.02,0.00,"dui70.dll",
2,"[UIAutomationCore.dll]",3,0,0.01,0.00,"UIAutomationCore.dll",
3,"[UIAutomationCore.dll]",3,0,0.01,0.00,"UIAutomationCore.dll",
4,"[UIAutomationCore.dll]",3,0,0.01,0.00,"UIAutomationCore.dll",
5,"[UIAutomationCore.dll]",3,0,0.01,0.00,"UIAutomationCore.dll",
6,"[combase.dll]",2,2,0.01,0.01,"combase.dll",
6,"[UIAutomationCore.dll]",1,0,0.00,0.00,"UIAutomationCore.dll",
7,"[UIAutomationCore.dll]",1,0,0.00,0.00,"UIAutomationCore.dll",
8,"[UIAutomationCore.dll]",1,0,0.00,0.00,"UIAutomationCore.dll",
9,"[oleaut32.dll]",1,1,0.00,0.00,"oleaut32.dll",
2,"[dui70.dll]",2,0,0.01,0.00,"dui70.dll",
3,"[KernelBase.dll]",2,1,0.01,0.00,"KernelBase.dll",
4,"[UIAutomationCore.dll]",1,0,0.00,0.00,"UIAutomationCore.dll",
5,"[UIAutomationCore.dll]",1,0,0.00,0.00,"UIAutomationCore.dll",
6,"[UIAutomationCore.dll]",1,0,0.00,0.00,"UIAutomationCore.dll",
7,"[UIAutomationCore.dll]",1,0,0.00,0.00,"UIAutomationCore.dll",
8,"[ntdll.dll]",1,1,0.00,0.00,"ntdll.dll",
0,"ZBYGate_Data_Collection.Plate.Plate.Finalize",22,0,0.06,0.00,"ZBYGate Data Collection.exe",
1,"ZBYGate_Data_Collection.Plate.Plate.Dispose",22,0,0.06,0.00,"ZBYGate Data Collection.exe",
2,"[WTY.dll]",21,21,0.06,0.06,"WTY.dll",
2,"[clr.dll]",1,1,0.00,0.00,"clr.dll",
0,"ZBYGate_Data_Collection.Container.Container.LinkCallBack",19,0,0.05,0.00,"ZBYGate Data Collection.exe",
1,"AxVeconclientProj.AxVECONclient.Connect2Server",14,0,0.04,0.00,"AxInterop.VeconclientProj.dll",
2,"dynamicClass.IL_STUB_CLRtoCOM",14,0,0.04,0.00,"Interop.VeconclientProj.dll",
3,"[clr.dll]",13,13,0.04,0.04,"clr.dll",
3,"[combase.dll]",1,1,0.00,0.00,"combase.dll",
1,"log4net.Core.LogImpl.Info",2,0,0.01,0.00,"log4net.dll",
2,"log4net.Repository.Hierarchy.Logger.Log",2,0,0.01,0.00,"log4net.dll",
3,"log4net.Repository.Hierarchy.Logger.ForcedLog",2,0,0.01,0.00,"log4net.dll",
4,"log4net.Repository.Hierarchy.Logger.CallAppenders",2,0,0.01,0.00,"log4net.dll",
5,"log4net.Util.AppenderAttachedImpl.AppendLoopOnAppenders",2,0,0.01,0.00,"log4net.dll",
6,"log4net.Appender.AppenderSkeleton.DoAppend",2,0,0.01,0.00,"log4net.dll",
7,"log4net.Appender.RollingFileAppender.Append",2,0,0.01,0.00,"log4net.dll",
8,"log4net.Appender.FileAppender.Append",2,0,0.01,0.00,"log4net.dll",
9,"log4net.Appender.TextWriterAppender.Append",2,0,0.01,0.00,"log4net.dll",
10,"log4net.Appender.AppenderSkeleton.RenderLoggingEvent",2,0,0.01,0.00,"log4net.dll",
11,"log4net.Layout.PatternLayout.Format",2,0,0.01,0.00,"log4net.dll",
12,"log4net.Util.PatternConverter.Format",2,0,0.01,0.00,"log4net.dll",
13,"log4net.Layout.Pattern.PatternLayoutConverter.Convert",2,0,0.01,0.00,"log4net.dll",
14,"log4net.Layout.Pattern.FullLocationPatternConverter.Convert",2,0,0.01,0.00,"log4net.dll",
15,"log4net.Core.LoggingEvent.get_LocationInformation",2,0,0.01,0.00,"log4net.dll",
16,"log4net.Core.LocationInfo..ctor",2,0,0.01,0.00,"log4net.dll",
17,"[mscorlib.ni.dll]",2,2,0.01,0.01,"mscorlib.ni.dll",
1,"ZBYGate_Data_Collection.Form1.GetMessage",2,0,0.01,0.00,"ZBYGate Data Collection.exe",
2,"[System.Windows.Forms.ni.dll]",2,2,0.01,0.01,"System.Windows.Forms.ni.dll",
1,"[clr.dll]",1,1,0.00,0.00,"clr.dll",
0,"dynamicClass.IL_STUB_PInvoke",13,0,0.04,0.00,"Interop.VeconclientProj.dll",
1,"[WMINet_Utils.dll]",13,0,0.04,0.00,"WMINet_Utils.dll",
2,"[wbemprox.dll]",13,0,0.04,0.00,"wbemprox.dll",
3,"[wbemprox.dll]",13,0,0.04,0.00,"wbemprox.dll",
4,"[wbemprox.dll]",13,0,0.04,0.00,"wbemprox.dll",
5,"[combase.dll]",7,5,0.02,0.01,"combase.dll",
6,"[fastprox.dll]",2,0,0.01,0.00,"fastprox.dll",
7,"[fastprox.dll]",2,0,0.01,0.00,"fastprox.dll",
8,"[combase.dll]",2,2,0.01,0.01,"combase.dll",
5,"[wbemprox.dll]",6,0,0.02,0.00,"wbemprox.dll",
6,"[combase.dll]",4,4,0.01,0.01,"combase.dll",
6,"[KernelBase.dll]",1,1,0.00,0.00,"KernelBase.dll",
6,"[rpcrt4.dll]",1,1,0.00,0.00,"rpcrt4.dll",
0,"[LedDynamicArea.dll]",13,0,0.04,0.00,"LedDynamicArea.dll",
1,"[LedDynamicArea.dll]",13,0,0.04,0.00,"LedDynamicArea.dll",
2,"[LedDynamicArea.dll]",11,4,0.03,0.01,"LedDynamicArea.dll",
3,"[LedDynamicArea.dll]",4,2,0.01,0.01,"LedDynamicArea.dll",
4,"[borlndmm.dll]",2,0,0.01,0.00,"borlndmm.dll",
5,"[ntdll.dll]",2,2,0.01,0.01,"ntdll.dll",
3,"[borlndmm.dll]",2,2,0.01,0.01,"borlndmm.dll",
3,"[oleaut32.dll]",1,1,0.00,0.00,"oleaut32.dll",
2,"[borlndmm.dll]",2,1,0.01,0.00,"borlndmm.dll",
3,"[ntdll.dll]",1,1,0.00,0.00,"ntdll.dll",
0,"log4net.Core.LoggerManager.OnProcessExit",11,0,0.03,0.00,"log4net.dll",
1,"log4net.Core.LoggerManager.Shutdown",11,0,0.03,0.00,"log4net.dll",
2,"log4net.Repository.Hierarchy.Hierarchy.Shutdown",10,0,0.03,0.00,"log4net.dll",
3,"log4net.Repository.Hierarchy.Logger.RemoveAllAppenders",4,0,0.01,0.00,"log4net.dll",
4,"log4net.Util.AppenderAttachedImpl.RemoveAllAppenders",4,0,0.01,0.00,"log4net.dll",
5,"log4net.Appender.AppenderSkeleton.Close",4,0,0.01,0.00,"log4net.dll",
6,"log4net.Appender.FileAppender.OnClose",3,0,0.01,0.00,"log4net.dll",
7,"log4net.Appender.TextWriterAppender.OnClose",3,0,0.01,0.00,"log4net.dll",
8,"log4net.Appender.FileAppender.Reset",3,0,0.01,0.00,"log4net.dll",
9,"log4net.Appender.TextWriterAppender.WriteFooterAndCloseWriter",3,0,0.01,0.00,"log4net.dll",
10,"log4net.Appender.FileAppender.CloseWriter",3,0,0.01,0.00,"log4net.dll",
11,"log4net.Appender.TextWriterAppender.CloseWriter",3,0,0.01,0.00,"log4net.dll",
12,"log4net.Util.QuietTextWriter.Close",3,0,0.01,0.00,"log4net.dll",
13,"[mscorlib.ni.dll]",3,1,0.01,0.00,"mscorlib.ni.dll",
14,"log4net.Appender.FileAppender+ExclusiveLock.CloseFile",2,0,0.01,0.00,"log4net.dll",
15,"log4net.Appender.FileAppender+LockingModelBase.CloseStream",2,0,0.01,0.00,"log4net.dll",
16,"[mscorlib.ni.dll]",2,2,0.01,0.01,"mscorlib.ni.dll",
6,"[clr.dll]",1,1,0.00,0.00,"clr.dll",
3,"log4net.Repository.Hierarchy.Logger.CloseNestedAppenders",2,0,0.01,0.00,"log4net.dll",
4,"[clr.dll]",2,2,0.01,0.01,"clr.dll",
3,"[clr.dll]",2,2,0.01,0.01,"clr.dll",
3,"log4net.Repository.LoggerRepositorySkeleton.Shutdown",2,0,0.01,0.00,"log4net.dll",
4,"log4net.Plugin.PluginMap.get_AllPlugins",1,0,0.00,0.00,"log4net.dll",
5,"log4net.Plugin.PluginCollection..ctor",1,0,0.00,0.00,"log4net.dll",
6,"log4net.Plugin.PluginCollection.AddRange",1,0,0.00,0.00,"log4net.dll",
7,"log4net.Plugin.PluginCollection.EnsureCapacity",1,0,0.00,0.00,"log4net.dll",
8,"[clr.dll]",1,1,0.00,0.00,"clr.dll",
4,"log4net.Repository.LoggerRepositorySkeleton.OnShutdown",1,0,0.00,0.00,"log4net.dll",
5,"log4net.Core.WrapperMap.ILoggerRepository_Shutdown",1,0,0.00,0.00,"log4net.dll",
6,"[clr.dll]",1,1,0.00,0.00,"clr.dll",
2,"[clr.dll]",1,1,0.00,0.00,"clr.dll",
0,"ZBYGate_Data_Collection.Gate.Gate.GetStatus",9,0,0.03,0.00,"ZBYGate Data Collection.exe",
1,"ZBYGate_Data_Collection.Gate.Gate.DoorSatus",8,0,0.02,0.00,"ZBYGate Data Collection.exe",
2,"ZBYGate_Data_Collection.Form1._Gate_NewState",4,0,0.01,0.00,"ZBYGate Data Collection.exe",
3,"ZBYGate_Data_Collection.Form1.GateStatus",2,0,0.01,0.00,"ZBYGate Data Collection.exe",
4,"[System.Windows.Forms.ni.dll]",2,2,0.01,0.01,"System.Windows.Forms.ni.dll",
3,"[clr.dll]",1,1,0.00,0.00,"clr.dll",
3,"ZBYGate_Data_Collection.Properties.Settings.get_Gate_InDoorSN",1,0,0.00,0.00,"ZBYGate Data Collection.exe",
4,"[System.ni.dll]",1,1,0.00,0.00,"System.ni.dll",
2,"[clr.dll]",3,3,0.01,0.01,"clr.dll",
2,"[mscorlib.ni.dll]",1,1,0.00,0.00,"mscorlib.ni.dll",
1,"[clr.dll]",1,1,0.00,0.00,"clr.dll",
0,"[fastprox.dll]",5,0,0.01,0.00,"fastprox.dll",
1,"[rpcrt4.dll]",4,0,0.01,0.00,"rpcrt4.dll",
2,"[fastprox.dll]",4,0,0.01,0.00,"fastprox.dll",
3,"[combase.dll]",4,4,0.01,0.01,"combase.dll",
1,"[wbemcomn.dll]",1,0,0.00,0.00,"wbemcomn.dll",
2,"[fastprox.dll]",1,0,0.00,0.00,"fastprox.dll",
3,"[fastprox.dll]",1,0,0.00,0.00,"fastprox.dll",
4,"[wbemsvc.dll]",1,0,0.00,0.00,"wbemsvc.dll",
5,"[rpcrt4.dll]",1,1,0.00,0.00,"rpcrt4.dll",
0,"WG3000_COMM.Core.wgWatchingService.WatchController",4,0,0.01,0.00,"n3kAdrtB.dll",
1,"WG3000_COMM.Core.wgUdpServerCom.UDP_OnlySend",4,0,0.01,0.00,"n3kAdrtB.dll",
2,"[System.ni.dll]",4,4,0.01,0.01,"System.ni.dll",
0,"ZBYGate_Data_Collection.Plate.Plate.PlateStartLink",4,0,0.01,0.00,"ZBYGate Data Collection.exe",
1,"ZBYGate_Data_Collection.Plate.Plate.CallbackFuntion",3,0,0.01,0.00,"ZBYGate Data Collection.exe",
2,"[clr.dll]",1,1,0.00,0.00,"clr.dll",
2,"ZBYGate_Data_Collection.Form1.GetMessage",1,0,0.00,0.00,"ZBYGate Data Collection.exe",
3,"[System.Windows.Forms.ni.dll]",1,1,0.00,0.00,"System.Windows.Forms.ni.dll",
2,"log4net.Core.LogImpl.Warn",1,0,0.00,0.00,"log4net.dll",
3,"log4net.Repository.Hierarchy.Logger.Log",1,0,0.00,0.00,"log4net.dll",
4,"log4net.Repository.Hierarchy.Logger.ForcedLog",1,0,0.00,0.00,"log4net.dll",
5,"log4net.Repository.Hierarchy.Logger.CallAppenders",1,0,0.00,0.00,"log4net.dll",
6,"log4net.Util.AppenderAttachedImpl.AppendLoopOnAppenders",1,0,0.00,0.00,"log4net.dll",
7,"log4net.Appender.AppenderSkeleton.DoAppend",1,0,0.00,0.00,"log4net.dll",
8,"log4net.Appender.RollingFileAppender.Append",1,0,0.00,0.00,"log4net.dll",
9,"log4net.Appender.FileAppender.Append",1,0,0.00,0.00,"log4net.dll",
10,"log4net.Appender.TextWriterAppender.Append",1,0,0.00,0.00,"log4net.dll",
11,"log4net.Util.TextWriterAdapter.Flush",1,0,0.00,0.00,"log4net.dll",
12,"[mscorlib.ni.dll]",1,0,0.00,0.00,"mscorlib.ni.dll",
13,"log4net.Appender.FileAppender+LockingStream.Flush",1,0,0.00,0.00,"log4net.dll",
14,"[mscorlib.ni.dll]",1,1,0.00,0.00,"mscorlib.ni.dll",
1,"[clr.dll]",1,1,0.00,0.00,"clr.dll",
0,"MySql.Data.MySqlClient.MySqlPoolManager.EnsureClearingPools",4,0,0.01,0.00,"MySql.Data.dll",
1,"MySql.Data.MySqlClient.MySqlPoolManager.ClearAllPools",3,0,0.01,0.00,"MySql.Data.dll",
2,"MySql.Data.MySqlClient.MySqlPoolManager.ClearPoolByText",3,0,0.01,0.00,"MySql.Data.dll",
3,"MySql.Data.MySqlClient.MySqlPool.Clear",2,0,0.01,0.00,"MySql.Data.dll",
4,"MySql.Data.MySqlClient.Driver.Close",2,0,0.01,0.00,"MySql.Data.dll",
5,"MySql.Data.MySqlClient.Driver.Dispose",2,0,0.01,0.00,"MySql.Data.dll",
6,"MySql.Data.MySqlClient.NativeDriver.Close",1,0,0.00,0.00,"MySql.Data.dll",
7,"MySql.Data.MySqlClient.NativeDriver.ExecutePacket",1,0,0.00,0.00,"MySql.Data.dll",
8,"MySql.Data.MySqlClient.MySqlStream.SendPacket",1,0,0.00,0.00,"MySql.Data.dll",
9,"MySql.Data.MySqlClient.TimedStream.Write",1,0,0.00,0.00,"MySql.Data.dll",
10,"[System.ni.dll]",1,1,0.00,0.00,"System.ni.dll",
6,"[clr.dll]",1,1,0.00,0.00,"clr.dll",
3,"[clr.dll]",1,1,0.00,0.00,"clr.dll",
1,"[clr.dll]",1,1,0.00,0.00,"clr.dll",
0,"[dnsapi.dll]",4,0,0.01,0.00,"dnsapi.dll",
1,"[dnsapi.dll]",4,0,0.01,0.00,"dnsapi.dll",
2,"[dnsapi.dll]",4,0,0.01,0.00,"dnsapi.dll",
3,"[dnsapi.dll]",4,0,0.01,0.00,"dnsapi.dll",
4,"[dnsapi.dll]",4,0,0.01,0.00,"dnsapi.dll",
5,"[KernelBase.dll]",3,3,0.01,0.01,"KernelBase.dll",
5,"[dnsapi.dll]",1,0,0.00,0.00,"dnsapi.dll",
6,"[KernelBase.dll]",1,1,0.00,0.00,"KernelBase.dll",
0,"ZBYGate_Data_Collection.Working.OutLedDefaultShowCallBack",2,0,0.01,0.00,"ZBYGate Data Collection.exe",
1,"[clr.dll]",1,1,0.00,0.00,"clr.dll",
1,"ZBYGate_Data_Collection.Plate.Plate.RS485Send",1,0,0.00,0.00,"ZBYGate Data Collection.exe",
2,"[clr.dll]",1,1,0.00,0.00,"clr.dll",
0,"[wbemcomn.dll]",2,0,0.01,0.00,"wbemcomn.dll",
1,"[wbemcomn.dll]",2,0,0.01,0.00,"wbemcomn.dll",
2,"[wbemcomn.dll]",2,0,0.01,0.00,"wbemcomn.dll",
3,"[wbemcomn.dll]",2,0,0.01,0.00,"wbemcomn.dll",
4,"[wbemcomn.dll]",1,0,0.00,0.00,"wbemcomn.dll",
5,"[wbemcomn.dll]",1,0,0.00,0.00,"wbemcomn.dll",
6,"[wbemcomn.dll]",1,0,0.00,0.00,"wbemcomn.dll",
7,"[KernelBase.dll]",1,1,0.00,0.00,"KernelBase.dll",
4,"[ntdll.dll]",1,1,0.00,0.00,"ntdll.dll",
0,"[nlaapi.dll]",1,0,0.00,0.00,"nlaapi.dll",
1,"[nlaapi.dll]",1,0,0.00,0.00,"nlaapi.dll",
2,"[nlaapi.dll]",1,0,0.00,0.00,"nlaapi.dll",
3,"[ntdll.dll]",1,1,0.00,0.00,"ntdll.dll",
0,"[pnrpnsp.dll]",1,0,0.00,0.00,"pnrpnsp.dll",
1,"[ntdll.dll]",1,1,0.00,0.00,"ntdll.dll",
0,"MySql.Data.MySqlClient.MySqlCommand.Finalize",1,0,0.00,0.00,"MySql.Data.dll",
1,"[clr.dll]",1,1,0.00,0.00,"clr.dll",
